country,cluster_id,year.x,year.y,lat,lon,lsms_id.x,lsms_id.y,diff_of_index,index_of_diff,asset_index.x,asset_index.y,n
tz,1104001001,2008,2012,-9.280349731445312,34.71855163574219,tz_1104001001_2008,tz_1104001001_2012,0.4878368556576626,-0.1021147044575382,-0.7444127214998559,-0.2565758658421932,6
tz,1502020002,2008,2012,-7.817850112915039,31.775590896606445,tz_1502020002_2008,tz_1502020002_2012,0.2831073535336351,-0.0903096577079286,-1.6857931883843706,-1.4026858348507354,4
ng,1771022726,2010,2015,6.88937141272,8.93042296277,ng_1771022726_2010,ng_1771022726_2015,0.6352688693893146,1.6384502050203709,-0.5340267134978276,0.101242155891487,3
ng,624240311588,2010,2015,6.64530644829,3.30560856778,ng_624240311588_2010,ng_624240311588_2015,-0.281315528541857,-0.2810369707157358,2.924540988429001,2.6432254598871445,4
ug,4100001,2009,2013,-0.6087610125541687,30.672229766845703,ug_4100001_2009,ug_4100001_2013,-0.032184826629449,0.9948751559905662,1.386968902428702,1.354784075799253,5
et,5010200101,2011,2015,10.4624101433,42.2434955736,et_05010200101_2011,et_05010200101_2015,0.7152823467958965,1.1295640149711357,-1.5737226735635563,-0.8584403267676597,4
tz,1303003002,2008,2012,-5.499929904937744,34.97288131713867,tz_1303003002_2008,tz_1303003002_2012,0.6640832729562702,-0.9613084098199536,-1.3283380250484915,-0.6642547520922216,4
et,3070401302,2011,2015,11.3962743181,37.042616257,et_03070401302_2011,et_03070401302_2015,0.350199028153873,-0.1108582624562874,-1.646197064428966,-1.2959980362750931,4
ng,12222111806,2010,2015,8.08520331136,6.79746807593,ng_12222111806_2010,ng_12222111806_2015,0.0586972600640456,-0.0030335822752357,1.2694473317672244,1.32814459183127,8
mw,30101545,2010,2016,-14.5243997573853,35.0887985229492,mw_30101545_2010,mw_30101545_2016,0.1922499036668773,0.2260135696783524,-1.4649302381216651,-1.2726803344547877,13
ng,31717242786,2010,2015,12.5625360226,8.3137849757,ng_31717242786_2010,ng_31717242786_2015,0.4970630609726165,0.3163410442520029,0.6758206597614,1.1728837207340166,6
ug,4050005,2005,2013,0.6269140243530273,30.277118682861328,ug_4050005_2005,ug_4050005_2013,0.293848046057702,-1.125545199141838,-0.7118348789280559,-0.4179868328703537,7
ng,630300512942,2010,2015,7.37355391494,3.98900585707,ng_630300512942_2010,ng_630300512942_2015,0.2523161802663769,0.7876258372036676,3.4455286268453285,3.6978448071117054,5
et,7210106202,2011,2015,7.27673837537,38.1157382755,et_07210106202_2011,et_07210106202_2015,0.2134267234030848,-0.0761386519325337,-1.9697313113975,-1.756304587994415,7
ng,411062880,2010,2015,5.35086568605,7.40188916719,ng_411062880_2010,ng_411062880_2015,0.3467353435151235,0.0155563780235469,1.0459193657702734,1.392654709285397,6
ng,318182311822,2010,2015,11.0608308749,7.70897915206,ng_318182311822_2010,ng_318182311822_2015,0.2645270697109792,0.8527695459777346,2.134802888913259,2.399329958624238,6
ng,4141404196,2010,2015,6.45550212441,7.47905887095,ng_4141404196_2010,ng_4141404196_2015,0.6587646988136143,1.043873533627131,1.0853619907861831,1.7441266895997976,7
et,7110301302,2011,2015,6.91411343602,35.6303215499,et_07110301302_2011,et_07110301302_2015,0.0539696829898289,0.231761668114087,-1.9545821238016248,-1.9006124408117964,9
et,3030202104,2011,2015,11.991803995,39.7800216474,et_03030202104_2011,et_03030202104_2015,-0.4008252532525967,-0.0307287925521892,-1.3742055143038825,-1.7750307675564794,5
ug,1040011,2005,2009,0.6844329833984375,32.30142593383789,ug_1040011_2005,ug_1040011_2009,-0.2232271799173336,-1.6603530137396607,-0.5993432059922706,-0.8225703859096043,8
ug,4100038,2005,2009,-0.7450389862060547,30.424814224243164,ug_4100038_2005,ug_4100038_2009,-0.3102140470667919,-1.270966182374981,-0.3968336770755185,-0.7070477241423104,8
tz,5401001002,2008,2012,-5.05709981918335,39.729591369628906,tz_5401001002_2008,tz_5401001002_2012,0.743901904446789,1.2129777172586933,1.8662705285483203,2.610172432995109,6
tz,2103009003,2008,2012,-4.0543599128723145,35.254051208496094,tz_2103009003_2008,tz_2103009003_2012,0.6233102727859792,0.6901333892578264,-0.8371089016163149,-0.2137986288303357,3
ug,4020016,2009,2013,-0.549796998500824,30.06752014160156,ug_4020016_2009,ug_4020016_2013,0.5304546997802344,-0.1311350064342654,-0.8269863786624002,-0.2965316788821658,8
et,7050100907,2011,2015,6.27761186614,38.3115215185,et_07050100907_2011,et_07050100907_2015,-0.2044431192501363,0.2027848321439783,-2.212536053510407,-2.416979172760543,4
ug,4110002,2005,2013,-0.8608070015907288,30.269275665283203,ug_4110002_2005,ug_4110002_2013,-0.2044488220511791,-0.2036409376839794,1.894065379844948,1.6896165577937683,6
et,4041401702,2011,2015,7.47556744642,36.4429756569,et_04041401702_2011,et_04041401702_2015,0.5271469903154162,0.0265695391906568,-2.0497201842149164,-1.5225731938995002,8
mw,10502268,2010,2016,-11.2849998474121,33.7784996032715,mw_10502268_2010,mw_10502268_2016,0.220083898155424,0.0344335211545597,-0.5247646511130922,-0.3046807529576681,12
ng,411111221952,2010,2015,6.45646508964,7.92548399948,ng_411111221952_2010,ng_411111221952_2015,0.0386616020620327,-0.0057620359509574,1.032254897334265,1.0709164993962976,7
ug,3130001,2009,2013,3.5742619037628174,31.13248634338379,ug_3130001_2009,ug_3130001_2013,0.3516034424338045,-0.3359258404002403,-1.9153351402845769,-1.5637316978507725,9
et,7180100101,2011,2015,6.36391514169,36.5892168406,et_07180100101_2011,et_07180100101_2015,0.1452962545998626,0.2150550364290251,-2.1533678638118303,-2.008071609211968,8
ng,336361211474,2010,2015,12.4204652598,6.22865247517,ng_336361211474_2010,ng_336361211474_2015,0.7892667071299208,-0.39545252879814,-1.0177911062398266,-0.2285243991099058,3
ug,3030012,2005,2009,3.442528009414673,30.945655822753903,ug_3030012_2005,ug_3030012_2009,0.2545985935919436,-0.561705822065963,-1.4702377864097431,-1.2156391928177994,9
ng,512120212146,2010,2015,6.38063010312,5.58461144938,ng_512120212146_2010,ng_512120212146_2015,-0.67024850054584,-0.1172994681437469,2.9491818276819863,2.2789333271361465,8
ng,131311621344,2010,2015,8.74629167618,9.60817054693,ng_131311621344_2010,ng_131311621344_2015,0.6617119113678972,0.9625648264747452,-0.3994696313578898,0.2622422800100073,5
ng,627270911646,2010,2015,6.94607655044,3.91648964653,ng_627270911646_2010,ng_627270911646_2015,1.0380004014728532,1.604601443688431,0.7094124439489663,1.7474128454218196,5
mw,20908119,2010,2016,-14.5036001205444,34.6593017578125,mw_20908119_2010,mw_20908119_2016,-0.1782919081382266,-0.0698809675614754,-1.1715770581488654,-1.349868966287092,12
ug,1050004,2009,2013,-0.0795710012316703,31.63570785522461,ug_1050004_2009,ug_1050004_2013,0.4232585953304369,0.0253430140442628,-1.2741817973342342,-0.8509232020037973,4
et,1050200712,2011,2015,13.6709932967,37.4064256501,et_01050200712_2011,et_01050200712_2015,-0.2241442620231476,-0.0558299695566541,-0.748501594613292,-0.9726458566364398,4
ng,444192296,2010,2015,6.10137761736,7.18988708702,ng_444192296_2010,ng_444192296_2015,-0.5194460677032283,-0.1351760764986476,2.133648968155484,1.614202900452256,9
ng,41616241136,2010,2015,5.78882325094,6.91399612712,ng_41616241136_2010,ng_41616241136_2015,1.3612022112116429,1.9806224509797736,1.3278974873183105,2.689099698529953,6
tz,1208016305,2008,2012,-8.894960403442383,33.50244903564453,tz_1208016305_2008,tz_1208016305_2012,1.097357623768587,0.8504461094702512,0.214221960153126,1.311579583921713,5
ug,1050030,2005,2013,0.0009769999887794256,31.7997989654541,ug_1050030_2005,ug_1050030_2013,0.7639278405257172,-1.5868648916943808,-1.070547978879723,-0.3066201383540057,8
mw,31536118,2010,2016,-15.7776002883911,35.0401992797852,mw_31536118_2010,mw_31536118_2016,-0.445906923781823,0.1271652933569775,1.3020913773631095,0.8561844535812866,10
ug,2080005,2005,2013,1.3721400499343872,33.90796661376953,ug_2080005_2005,ug_2080005_2013,0.5343089245725737,-1.0149960491508254,-1.1163508890767244,-0.5820419645041508,7
tz,1904020004,2008,2012,-3.319780111312866,32.973541259765625,tz_1904020004_2008,tz_1904020004_2012,0.1569112085133251,-0.1946762175518741,-1.462999773543584,-1.306088565030259,5
ng,628281612302,2010,2015,6.92855674353,4.79402894454,ng_628281612302_2010,ng_628281612302_2015,0.2086658805847943,-0.3053011315200265,-0.0839869192695545,0.1246789613152397,7
ng,177222892,2010,2015,7.13253377255,8.89928429772,ng_177222892_2010,ng_177222892_2015,0.3933120414612626,-0.4710124439607313,-0.5708209073454343,-0.1775088658841718,3
tz,2104008363,2008,2012,-3.581549882888794,36.96759033203125,tz_2104008363_2008,tz_2104008363_2012,0.4849684721802702,0.2959141563745517,0.7115691977319663,1.1965376699122363,5
ug,1070002,2005,2009,0.3907139897346496,32.073822021484375,ug_1070002_2005,ug_1070002_2009,0.2927850309613166,-0.4260566022870938,1.354676340372452,1.647461371333769,3
tz,901012006,2008,2012,-10.43340015411377,39.77962875366211,tz_0901012006_2008,tz_0901012006_2012,0.0854966086871901,0.1903754587052858,-0.9137941248184714,-0.8282975161312813,4
ug,2050022,2009,2013,1.0357780456542969,33.38786315917969,ug_2050022_2009,ug_2050022_2013,0.1646878071347552,-0.1259531175427645,-1.321411463763401,-1.1567236566286454,6
ug,1050030,2009,2013,0.0009769999887794256,31.7997989654541,ug_1050030_2009,ug_1050030_2013,0.6170530725504577,-0.304052058103715,-0.9236732109044634,-0.3066201383540057,8
ng,2221518,2010,2015,10.2686739218,13.2386102614,ng_2221518_2010,ng_2221518_2015,-0.0315289967527754,0.5836412391924293,1.0692854728336934,1.037756476080918,8
mw,30901054,2010,2016,-15.5762996673584,35.5518989562988,mw_30901054_2010,mw_30901054_2016,0.1477208762737253,0.1132598268617201,-0.95427209353861,-0.8065512172648845,12
ug,4020030,2005,2013,-0.5673649907112122,30.426624298095703,ug_4020030_2005,ug_4020030_2013,0.579168423236914,-0.692211738066735,-0.14028737526519,0.4388810479717239,8
et,3061102207,2011,2015,9.99190626942,37.6925527139,et_03061102207_2011,et_03061102207_2015,0.226255365156288,0.6559631878295891,-2.4853449585523064,-2.259089593396018,6
ng,62424201402,2010,2015,6.49296228892,3.31885987407,ng_62424201402_2010,ng_62424201402_2015,-0.6360150925916009,0.1140513951217654,2.232769651457322,1.596754558865721,3
et,2010500404,2011,2015,11.6284538153,40.8825663765,et_02010500404_2011,et_02010500404_2015,0.7807649674826623,0.7923954668597073,-1.927699794464482,-1.1469348269818198,6
ng,33333111702,2010,2015,13.0813322181,5.28111344582,ng_33333111702_2010,ng_33333111702_2015,-0.1910504570521073,0.1172652332663425,1.7401108909448253,1.549060433892718,9
tz,5401007044,2008,2012,-5.204850196838379,39.78947830200195,tz_5401007044_2008,tz_5401007044_2012,1.0346238491189084,0.2702825914963054,0.0216020284258446,1.056225877544753,6
ug,4150007,2005,2013,0.7287579774856567,30.646589279174805,ug_4150007_2005,ug_4150007_2013,0.2631398579177862,-1.2314840873725692,-0.8563897028348063,-0.59324984491702,7
ug,2120008,2009,2013,0.8194289803504944,34.09407424926758,ug_2120008_2009,ug_2120008_2013,0.3064445981803003,-0.1051556068544833,-0.9225844607328604,-0.6161398625525601,8
ng,532321021692,2010,2015,4.87619045073,6.83123796352,ng_532321021692_2010,ng_532321021692_2015,0.2253284000974573,0.5704152605968408,1.644895554221422,1.8702239543188792,8
ug,3020008,2009,2013,2.4246010780334477,32.85169219970703,ug_3020008_2009,ug_3020008_2013,0.5718582652107455,0.0418119709578767,-1.7322158450953071,-1.1603575798845618,8
et,2010501103,2011,2015,11.2140035523,40.2055920948,et_02010501103_2011,et_02010501103_2015,1.1035971238559343,-0.0194412273490208,-2.265644243542525,-1.1620471196865902,5
ug,1070023,2005,2013,0.5867509841918945,31.718156814575195,ug_1070023_2005,ug_1070023_2013,-0.0580910301493549,-1.480938862626921,-0.1445803275968814,-0.2026713577462363,8
tz,2101010003,2008,2012,-4.1898698806762695,35.699710845947266,tz_2101010003_2008,tz_2101010003_2012,-0.0167657668966608,-0.2140072333290269,-0.7424709830018574,-0.7592367498985183,4
ug,1060007,2009,2013,0.071610003709793,32.092872619628906,ug_1060007_2009,ug_1060007_2013,0.967473528082994,0.1941376190296558,-0.7935703100721074,0.1739032180108865,9
ug,1020017,2009,2013,0.2731870114803314,32.62480926513672,ug_1020017_2009,ug_1020017_2013,-0.2781572587876243,-0.0625640050903159,1.1894487890314345,0.9112915302438098,4
ng,222122956,2010,2015,8.95937097796,12.1543140636,ng_222122956_2010,ng_222122956_2015,-0.2158354746576077,-0.0614166258542034,-0.5086309259749665,-0.7244664006325743,6
ug,1100001,2009,2013,-0.6392310261726379,31.52998733520508,ug_1100001_2009,ug_1100001_2013,0.8030701819231176,0.136755186754831,0.0398104016704604,0.8428805835935781,5
ng,5330524,2010,2015,5.15341945792,7.59318224517,ng_5330524_2010,ng_5330524_2015,0.3529960415059158,0.7760400774796644,-0.4841109348226488,-0.131114893316733,4
mw,31539670,2010,2016,-15.7694997787476,34.996898651123,mw_31539670_2010,mw_31539670_2016,0.7351379033451063,1.0790822399452786,0.3735486080920785,1.1086865114371849,6
ng,122221421354,2010,2015,7.23891062262,7.23659197226,ng_122221421354_2010,ng_122221421354_2015,-0.3821838351965895,0.1718343732022978,0.3445349963890823,-0.0376488388075071,6
ng,512120212710,2010,2015,6.33665067996,5.59674395675,ng_512120212710_2010,ng_512120212710_2015,-0.3413045410461457,0.1005560932875894,2.9338635808658022,2.5925590398196565,7
ug,3100009,2009,2013,2.513627052307129,30.881895065307617,ug_3100009_2009,ug_3100009_2013,0.4328189276636499,-0.1024250682167059,-1.5932590484863438,-1.1604401208226938,4
ug,4030004,2005,2013,1.3618710041046145,31.451387405395508,ug_4030004_2005,ug_4030004_2013,0.302814859489652,-1.2713395712056177,-0.9299504165462208,-0.6271355570565689,5
ng,629290211028,2010,2015,7.63424970989,4.25444689504,ng_629290211028_2010,ng_629290211028_2015,0.6987688827049511,1.0698910860255542,0.3965939388496154,1.0953628215545663,8
ug,4110009,2009,2013,-0.9871770143508912,30.12983512878418,ug_4110009_2009,ug_4110009_2013,0.4612831067022918,-0.1923364484990222,-0.646815826005813,-0.1855327193035212,7
ng,320200121354,2010,2015,11.6094184201,7.56122765696,ng_320200121354_2010,ng_320200121354_2015,0.0150387192745782,-0.0965179563786765,0.6704130735424877,0.6854517928170659,9
et,4111200402,2011,2015,6.45050353832,39.8802730059,et_04111200402_2011,et_04111200402_2015,-0.0698317678320129,0.1295143532371216,-2.0946026877175727,-2.164434455549586,3
tz,1102012001,2008,2012,-8.402629852294922,34.74557876586914,tz_1102012001_2008,tz_1102012001_2012,0.2447333099509503,-0.5324091409202547,-0.8429002713607123,-0.598166961409762,4
ng,32020052970,2010,2015,12.6838444723,7.93324832422,ng_32020052970_2010,ng_32020052970_2015,0.329204215608962,-1.274628954771459,-0.1441169688795545,0.1850872467294075,4
ug,2010008,2005,2013,0.7115979790687561,33.68483352661133,ug_2010008_2005,ug_2010008_2013,0.3082368889885193,-1.6349928116768644,-0.9859049453648384,-0.6776680563763192,6
ug,3030033,2005,2013,2.7413759231567383,30.961313247680664,ug_3030033_2005,ug_3030033_2013,0.8644816358838185,-0.5495103257664068,-1.8717846506634976,-1.007303014779679,8
et,2030400601,2011,2015,9.51787068443,40.1647901335,et_02030400601_2011,et_02030400601_2015,0.8067631463956737,0.5721939096881439,-1.975708848389617,-1.168945701993943,5
ug,4020016,2005,2009,-0.549796998500824,30.06752014160156,ug_4020016_2005,ug_4020016_2009,-0.1544026617576621,-1.002445963208635,-0.6725837169047381,-0.8269863786624002,8
ug,2090014,2005,2009,0.8027080297470093,34.30964660644531,ug_2090014_2005,ug_2090014_2009,-0.2212916672526698,-0.1455732417338985,-1.497195752823708,-1.7184874200763778,6
ng,4441321540,2010,2015,6.16779029063,7.00668904073,ng_4441321540_2010,ng_4441321540_2015,0.1532693487691336,0.3849347541358952,2.592827826025345,2.7460971747944782,8
tz,203013019,2008,2012,-3.3864200115203857,36.65679168701172,tz_0203013019_2008,tz_0203013019_2012,0.3490718694605013,-0.0282296399698492,1.7122427138500245,2.061314583310525,5
ng,51010051662,2010,2015,5.75004501547,6.00057874843,ng_51010051662_2010,ng_51010051662_2015,-0.5593404452297517,0.1317498597659182,2.5231691441128588,1.9638286988831068,9
ug,3070016,2005,2013,1.795212984085083,32.899227142333984,ug_3070016_2005,ug_3070016_2013,0.78435832239092,-0.8950090543854884,-1.5723770794382492,-0.7880187570473293,7
ng,630301011762,2010,2015,7.38892819652,3.89482817894,ng_630301011762_2010,ng_630301011762_2015,0.276958131799928,0.0798655250892804,0.6846510619961664,0.9616091937960944,3
ug,4140005,2005,2009,-0.9203240275382996,29.80122947692871,ug_4140005_2005,ug_4140005_2009,-0.3097319266466184,-1.2080583439365955,-0.3089286791534114,-0.6186606058000299,9
mw,20303065,2010,2016,-13.2305002212524,34.0093002319336,mw_20303065_2010,mw_20303065_2016,0.2991946001286192,0.2151160360235425,-1.1534821548990086,-0.8542875547703894,12
mw,10735173,2010,2016,-11.4668998718262,34.0078010559082,mw_10735173_2010,mw_10735173_2016,0.298830732399164,0.3112581202455136,2.0307493341888945,2.3295800665880586,5
tz,5402005013,2008,2012,-5.004109859466553,39.73400115966797,tz_5402005013_2008,tz_5402005013_2012,0.7583467193993377,0.2325566198049247,-0.647629295365315,0.1107174240340227,7
ug,3020030,2005,2009,2.152029037475586,32.52992248535156,ug_3020030_2005,ug_3020030_2009,0.1284886836470317,-0.8980564047892474,-1.1625239776218594,-1.0340352939748276,10
ug,3060006,2005,2009,3.038331985473633,34.14702224731445,ug_3060006_2005,ug_3060006_2009,0.1291117994589157,0.2575636832372714,-2.453033615324839,-2.323921815865924,5
tz,703001075,2008,2012,-6.836730003356934,39.320350646972656,tz_0703001075_2008,tz_0703001075_2012,0.9585882989406534,1.367135075337711,1.0635198937001449,2.022108192640798,6
ug,3060004,2005,2013,3.517599105834961,34.16035842895508,ug_3060004_2005,ug_3060004_2013,0.4595256401348894,0.0065887895922445,-2.493703120982109,-2.03417748084722,7
ng,3171722296,2010,2015,12.2871702475,9.7172267552,ng_3171722296_2010,ng_3171722296_2015,0.1935197400350193,0.1929931975933265,-0.9999425896508042,-0.8064228496157849,4
et,3051100307,2011,2015,9.89048905403,39.4845296,et_03051100307_2011,et_03051100307_2015,0.5177427495200478,0.2983701672855521,-0.8998452118062295,-0.3821024622861815,4
tz,801016007,2008,2012,-9.106229782104492,39.56222152709961,tz_0801016007_2008,tz_0801016007_2012,0.8672036523607016,0.0254065736009733,-1.694718086693358,-0.8275144343326564,3
et,3070300105,2011,2015,11.3744751246,37.4523245003,et_03070300105_2011,et_03070300105_2015,0.2648108514586369,0.4325317278702781,-2.577258581593106,-2.312447730134469,6
et,13010100405,2011,2015,9.37107710036,42.1031932694,et_13010100405_2011,et_13010100405_2015,-0.1552096236062888,-0.1582379743807465,0.3656135609882893,0.2104039373820004,5
ug,1070027,2009,2013,0.4026229977607727,32.0810546875,ug_1070027_2009,ug_1070027_2013,0.1814351307850525,0.0326768745475236,-1.0058494017702244,-0.824414270985172,7
ug,3110003,2009,2013,2.3574440479278564,34.58627700805664,ug_3110003_2009,ug_3110003_2013,0.8812891232636441,-0.1349551744804427,-2.520449517203791,-1.6391603939401471,6
ug,1080003,2005,2009,0.411417007446289,33.1413688659668,ug_1080003_2005,ug_1080003_2009,0.5666403672321636,-1.075877722718247,0.3850732214385631,0.9517135886707268,5
tz,5401003051,2008,2012,-5.103390216827393,39.634559631347656,tz_5401003051_2008,tz_5401003051_2012,-0.6568827917145766,0.0570333030463992,-1.5234220757458343,-2.180304867460411,6
ug,2090014,2005,2013,0.8027080297470093,34.30964660644531,ug_2090014_2005,ug_2090014_2013,0.2819851542096245,-0.5639546450923602,-1.497195752823708,-1.2152105986140835,6
tz,701024036,2008,2012,-6.790740013122559,39.15375900268555,tz_0701024036_2008,tz_0701024036_2012,-0.1470083131088638,-0.2001530004556125,1.6187697770059637,1.4717614638970995,4
ng,319192512858,2010,2015,11.8996910359,8.60117569382,ng_319192512858_2010,ng_319192512858_2015,0.0054241777740794,-0.8914373241520224,-0.3999449997845336,-0.3945208220104541,3
ng,533292696,2010,2015,4.9211152487,8.02685220823,ng_533292696_2010,ng_533292696_2015,0.8049065038384657,0.9128655785883946,1.883573869344056,2.688480373182521,5
ug,1080002,2005,2009,0.3549549877643585,32.93350601196289,ug_1080002_2005,ug_1080002_2009,0.1588302577037513,-0.2579305384226326,-0.2049737958141091,-0.0461435381103577,7
tz,5301002304,2008,2012,-6.1072998046875,39.218841552734375,tz_5301002304_2008,tz_5301002304_2012,0.3194029048796443,0.4145250171488009,2.6586140225317347,2.978016927411379,6
ug,3070016,2009,2013,1.795212984085083,32.899227142333984,ug_3070016_2009,ug_3070016_2013,0.5928063199541707,-0.1550157277597091,-1.3808250770015,-0.7880187570473293,7
ng,41111042434,2010,2015,6.69118125694,8.13510252436,ng_41111042434_2010,ng_41111042434_2015,0.1817284639466359,0.2704811785834419,-1.5160909276130852,-1.3343624636664493,9
ng,31717131226,2010,2015,12.4380666964,10.0322812644,ng_31717131226_2010,ng_31717131226_2015,0.5479945514312463,0.6390512508210561,1.1027584398968897,1.650752991328136,6
et,3090202501,2011,2015,10.9346269955,37.0039728964,et_03090202501_2011,et_03090202501_2015,0.057493652063419,0.1255304372016797,-2.047074277749958,-1.9895806256865387,5
ug,1050033,2009,2013,-0.1976830065250396,31.810291290283203,ug_1050033_2009,ug_1050033_2013,0.2848569401376838,-0.1551462632803516,-0.4032733871476134,-0.1184164470099295,8
tz,701022027,2008,2012,-6.790060043334961,39.20996856689453,tz_0701022027_2008,tz_0701022027_2012,0.1388090837334542,0.5117637445615651,3.237837713000682,3.376646796734136,5
ng,411110412028,2010,2015,6.32314678579,8.11608584385,ng_411110412028_2010,ng_411110412028_2015,-0.3933539368667783,0.1797454843136088,3.366611754869245,2.973257818002467,10
ug,1070004,2005,2009,0.2747229933738708,31.94265365600586,ug_1070004_2005,ug_1070004_2009,-0.2137864600100716,-0.9740839033868658,-0.4630020804449315,-0.6767885404550031,9
ng,222142898,2010,2015,10.2710717474,13.3077304864,ng_222142898_2010,ng_222142898_2015,-0.2623442754612693,0.2761493833139846,2.678110355240051,2.415766079778782,7
ug,1050033,2005,2009,-0.1976830065250396,31.810291290283203,ug_1050033_2005,ug_1050033_2009,0.0066836674833735,-1.0251345058369614,-0.4099570546309869,-0.4032733871476134,8
ug,1130007,2009,2013,0.2618420124053955,32.55675506591797,ug_1130007_2009,ug_1130007_2013,-0.5359919524927234,-0.4412462080464711,2.2436592897054624,1.707667337212739,4
ug,4090009,2005,2013,1.7466520071029663,31.670068740844727,ug_4090009_2005,ug_4090009_2013,-0.1482339907668816,-1.4675638854271087,-0.8821277598547249,-1.0303617506216065,5
ug,1100009,2005,2013,-0.5088310241699219,31.33328628540039,ug_1100009_2005,ug_1100009_2013,0.0795179785763918,-1.0895104766067425,-1.0764122016174875,-0.9968942230410957,9
ug,3040009,2005,2009,2.818747043609619,32.28021240234375,ug_3040009_2005,ug_3040009_2009,-0.1773160548387241,-0.8561601513305026,-1.2444044520772564,-1.4217205069159804,6
tz,1406017002,2008,2012,-5.119639873504639,32.89585876464844,tz_1406017002_2008,tz_1406017002_2012,0.4010754372539766,-0.4780204193845485,-1.4877780453014195,-1.086702608047443,3
et,7060500601,2011,2015,6.90210116638,37.7348762189,et_07060500601_2011,et_07060500601_2015,-0.0062255342384736,-0.0465610630915603,-1.982657658540668,-1.9888831927791413,4
tz,1705006011,2008,2012,-3.435689926147461,31.83885955810547,tz_1705006011_2008,tz_1705006011_2012,0.8961626915463369,-0.0477789315432805,-1.5932163983897385,-0.6970537068434016,4
mw,30302601,2010,2016,-15.4882001876831,35.556999206543,mw_30302601_2010,mw_30302601_2016,0.1042585652517952,-0.1754701800812567,-1.21636837067232,-1.1121098054205247,12
ug,3030033,2009,2013,2.7413759231567383,30.961313247680664,ug_3030033_2009,ug_3030033_2013,0.4064730930597401,-0.1310833954747983,-1.413776107839419,-1.007303014779679,8
tz,301014002,2008,2012,-3.0966598987579346,37.63920974731445,tz_0301014002_2008,tz_0301014002_2012,0.5028011174850819,0.2492930292198538,-1.382850099772048,-0.880048982286966,5
ng,627270711410,2010,2015,6.69062278476,3.29377484926,ng_627270711410_2010,ng_627270711410_2015,0.5847287845607261,0.9711230613330876,1.6756092600187458,2.260338044579472,8
et,4140202701,2011,2015,6.37589338272,38.7269447069,et_04140202701_2011,et_04140202701_2015,-0.145358305105724,0.5453454893425347,-2.133452718670616,-2.27881102377634,3
ng,3212109238,2010,2015,11.6150199084,4.54156296556,ng_3212109238_2010,ng_3212109238_2015,0.4842370993575255,0.1172752971076769,-0.542250052467379,-0.0580129531098534,7
mw,20603090,2010,2016,-14.2600002288818,33.7983016967773,mw_20603090_2010,mw_20603090_2016,-0.0014430233614109,0.1959772733042381,-1.2453544348397512,-1.246797458201162,13
ng,41616062590,2010,2015,5.83737244027,7.15281867916,ng_41616062590_2010,ng_41616062590_2015,0.2355816209659856,1.413519275284658,1.076638343801446,1.3122199647674315,8
ug,1100012,2005,2009,-0.5033609867095947,31.61606979370117,ug_1100012_2005,ug_1100012_2009,-0.3684527423421674,-1.426192001024857,0.0660518957562926,-0.3024008465858748,5
ng,21515061148,2010,2015,10.3056619439,11.1688801061,ng_21515061148_2010,ng_21515061148_2015,-0.4237940506301028,0.1963783673983601,3.1639232515645883,2.740129200934485,5
ng,624240313592,2010,2015,6.60106374452,3.30792972603,ng_624240313592_2010,ng_624240313592_2015,0.1649536236277013,0.2482683847247033,1.917434910183948,2.082388533811649,5
et,7110800501,2011,2015,6.2600677475,35.2645547968,et_07110800501_2011,et_07110800501_2015,0.0564574229115905,0.5428042143758464,-2.107274057450826,-2.050816634539236,7
ug,1020007,2005,2013,0.3651410043239593,32.597015380859375,ug_1020007_2005,ug_1020007_2013,1.0003149127094222,-0.2124775626077454,0.9947417276055094,1.995056640314932,5
ng,21515061398,2010,2015,10.2960624391,11.1851232783,ng_21515061398_2010,ng_21515061398_2015,0.1575634349587363,-0.1978060965603799,1.8929149541658672,2.050478389124604,8
tz,1406011014,2008,2012,-5.040530204772949,32.799598693847656,tz_1406011014_2008,tz_1406011014_2012,0.7065520044413615,0.8744280653524956,1.3559418816121382,2.0624938860535,5
ng,5991711254,2010,2015,5.817367247,8.08849790176,ng_5991711254_2010,ng_5991711254_2015,0.2621977940737937,0.3710077921627072,1.356278048471886,1.6184758425456796,8
mw,20807727,2010,2016,-14.3556003570557,34.5792999267578,mw_20807727_2010,mw_20807727_2016,0.1301599708835071,0.4261156509246047,-1.4753999176613546,-1.3452399467778475,15
et,7020501302,2011,2015,7.17430039499,37.9492676831,et_07020501302_2011,et_07020501302_2015,-0.1985351947573119,-0.3537722845734263,-1.859402667874359,-2.057937862631671,4
ug,1130004,2005,2009,0.3501270115375519,32.66998672485352,ug_1130004_2005,ug_1130004_2009,0.5706678635857997,-0.3021535347383111,0.1173723840643561,0.6880402476501558,5
ng,51212102462,2010,2015,6.43267960199,6.19725881709,ng_51212102462_2010,ng_51212102462_2015,-0.3507514919356867,0.4747391579512499,2.0173341944195107,1.666582702483824,10
ng,62424031674,2010,2015,6.65330181734,3.26893565308,ng_62424031674_2010,ng_62424031674_2015,-0.1335081945233803,-0.1021119874814086,2.518416202593382,2.3849080080700014,8
ng,62828132612,2010,2015,6.79027591066,4.4881754665,ng_62828132612_2010,ng_62828132612_2015,0.1393336006302387,0.6145850118142631,-0.4883168710683443,-0.3489832704381057,7
ug,1020027,2005,2013,0.2898600101470947,32.553035736083984,ug_1020027_2005,ug_1020027_2013,-0.6506784841640638,-0.1361100091759223,1.5905944002248442,0.9399159160607804,3
ng,255042708,2010,2015,11.501207438,10.760756183,ng_255042708_2010,ng_255042708_2015,0.0306488950255291,0.2732230728875388,0.5323111331756724,0.5629600282012015,8
ug,1040004,2005,2009,0.5895270109176636,32.62310791015625,ug_1040004_2005,ug_1040004_2009,0.0189437848816061,-0.4193369358053273,-0.2174349446707268,-0.1984911597891207,6
et,3070801402,2011,2015,10.5892768292,37.4615982338,et_03070801402_2011,et_03070801402_2015,0.3707698627481866,0.4140377151360354,-2.188622869357667,-1.81785300660948,5
et,4090900105,2011,2015,8.57190296323,40.3175172324,et_04090900105_2011,et_04090900105_2015,1.0880903116486331,1.0666686460936634,-1.5860364079317508,-0.4979460962831174,3
mw,20804405,2010,2016,-14.0261001586914,34.2599983215332,mw_20804405_2010,mw_20804405_2016,0.4773110575117604,0.0634353702242822,-1.071383965923579,-0.5940729084118187,12
ug,1020013,2009,2013,0.3032209873199463,32.619747161865234,ug_1020013_2009,ug_1020013_2013,0.1859297642731572,0.0817549405783195,1.2019630607010854,1.3878928249742426,4
ng,12323042322,2010,2015,8.10138618274,5.24942505029,ng_12323042322_2010,ng_12323042322_2015,0.8287782677035898,0.6321152206747598,1.782702458843166,2.611480726546756,9
mw,10220103,2010,2016,-9.9753999710083,33.9259986877441,mw_10220103_2010,mw_10220103_2016,0.54798053748787,-0.0932498542235068,-0.8007323048211,-0.25275176733323,12
ug,1080013,2005,2009,0.3762629926204681,33.19101333618164,ug_1080013_2005,ug_1080013_2009,0.0874216297888194,-0.8236640645366577,-1.010397746459753,-0.9229761166709338,9
tz,5501007054,2008,2012,-5.242149829864502,39.82648849487305,tz_5501007054_2008,tz_5501007054_2012,0.5649541174284392,0.2419718956692639,-0.755018517449784,-0.1900644000213449,3
ug,1050033,2005,2013,-0.1976830065250396,31.810291290283203,ug_1050033_2005,ug_1050033_2013,0.2915406076210574,-1.4434595979861746,-0.4099570546309869,-0.1184164470099295,8
ug,4090005,2009,2013,1.6260249614715576,31.584976196289062,ug_4090005_2009,ug_4090005_2013,1.1257346398473165,-0.0991252376040882,-0.940423833148139,0.1853108066991774,3
et,3030701002,2011,2015,11.9048460332,39.4494717129,et_03030701002_2011,et_03030701002_2015,1.112110306088173,0.9928859597959466,-1.221192553018129,-0.1090822469299556,5
ug,2040015,2005,2009,0.5455639958381653,33.09376525878906,ug_2040015_2005,ug_2040015_2009,-0.1389653887578823,-1.3872553578471818,-0.5754348569855854,-0.7144002457434677,9
et,3080400503,2011,2015,12.3989125709,39.0897466901,et_03080400503_2011,et_03080400503_2015,0.0815508380174803,0.4244750165564932,-2.58439269816469,-2.5028418601472096,5
et,12010200401,2011,2015,8.00671193105,34.5566341877,et_12010200401_2011,et_12010200401_2015,0.8535814034942375,1.3190322953366174,-1.5665613031360175,-0.71297989964178,5
ng,53232122314,2010,2015,4.66379708075,7.33236455293,ng_53232122314_2010,ng_53232122314_2015,1.2328362367936274,1.204663643852196,-0.2723866686114938,0.9604495681821336,7
ug,2090029,2005,2009,0.8695430159568787,34.38126754760742,ug_2090029_2005,ug_2090029_2009,-0.4456764666018257,-0.7351036353480181,-1.007819047737575,-1.4534955143394008,8
ug,1080013,2009,2013,0.3762629926204681,33.19101333618164,ug_1080013_2009,ug_1080013_2013,0.1209407202379757,-0.4585166983136655,-0.9229761166709338,-0.8020353964329582,9
ng,32020282498,2010,2015,12.2528006094,7.61914102769,ng_32020282498_2010,ng_32020282498_2015,-0.563449561649784,-0.3555815739083412,1.5952310381744206,1.0317814765246365,8
tz,5302015009,2008,2012,-6.1641998291015625,39.2123908996582,tz_5302015009_2008,tz_5302015009_2012,0.259833934557391,0.3346365706617318,2.0085170157327568,2.268350950290148,7
et,4130901003,2011,2015,8.6361010406,38.1519350254,et_04130901003_2011,et_04130901003_2015,0.568761904943215,0.5136476442842092,-1.8697308235285512,-1.300968918585336,6
mw,20111718,2010,2016,-13.3487997055054,33.4403991699219,mw_20111718_2010,mw_20111718_2016,-0.2708103869911652,0.0616970628232625,-0.6630328233213544,-0.9338432103125196,10
mw,30406710,2010,2016,-15.601300239563,35.2403984069824,mw_30406710_2010,mw_30406710_2016,0.1933475701610842,0.4618697023591527,-1.1034827887737435,-0.9101352186126592,12
ng,630301521688,2010,2015,9.08945959452,3.78671717101,ng_630301521688_2010,ng_630301521688_2015,-0.2447810396622766,-0.0492479630749118,-0.4464790299024211,-0.6912600695646978,6
ug,2050001,2005,2009,0.9244049787521362,33.13050842285156,ug_2050001_2005,ug_2050001_2009,0.1515969665108827,-1.212681225131246,-0.3963092755272515,-0.2447123090163687,5
ng,255082718,2010,2015,10.8547917358,9.80578418282,ng_255082718_2010,ng_255082718_2015,-0.2879841863151,-0.5447276341750106,0.4684814477571118,0.1804972614420117,5
tz,1102028002,2008,2012,-8.521160125732422,35.35015106201172,tz_1102028002_2008,tz_1102028002_2012,0.7371685065649127,1.2861599348529356,0.3145616240461379,1.0517301306110507,5
ng,321210622822,2010,2015,12.4497965742,4.19027819896,ng_321210622822_2010,ng_321210622822_2015,-0.1643419440523371,0.3865293006750193,2.899324672639528,2.7349827285871906,6
ng,122220522432,2010,2015,7.45896346014,7.26950147266,ng_122220522432_2010,ng_122220522432_2015,0.1844037885619077,0.4386392361851519,1.9136242420152771,2.098028030577185,8
ng,629293011300,2010,2015,7.75268334939,4.55402517616,ng_629293011300_2010,ng_629293011300_2015,0.6486381178479428,0.5608865328342347,0.9435623589580788,1.5922004768060216,9
ng,12626082820,2010,2015,9.07087001397,5.82079810028,ng_12626082820_2010,ng_12626082820_2015,0.785765256777084,1.5172000392195863,1.5181642833490616,2.3039295401261457,10
ng,23535011702,2010,2015,12.8860289818,11.0613351656,ng_23535011702_2010,ng_23535011702_2015,-0.1152177349157084,1.7671548361622054,-0.0734385921321944,-0.1886563270479029,5
ug,4070003,2005,2013,1.020717978477478,31.12421417236328,ug_4070003_2005,ug_4070003_2013,0.4052340088696721,-1.2896902692298868,0.232849052180804,0.6380830610504762,8
ng,28805246,2010,2015,10.5770578857,12.1764651264,ng_28805246_2010,ng_28805246_2015,0.8920853535029285,0.874196444952487,2.3558116190193443,3.247896972522273,7
ng,12323061970,2010,2015,8.50186911091,4.54915612745,ng_12323061970_2010,ng_12323061970_2015,1.2100858556494665,1.0622290654559834,1.0703299751966335,2.2804158308461,8
tz,701007028,2008,2012,-6.785739898681641,39.26776885986328,tz_0701007028_2008,tz_0701007028_2012,0.466086247818859,1.3344127207016654,1.3444679878679762,1.8105542356868352,6
et,3061601207,2011,2015,10.5794319268,37.798498412,et_03061601207_2011,et_03061601207_2015,0.5051445031948492,0.2857591706504078,-2.4634517780789977,-1.9583072748841488,9
tz,1002009003,2008,2012,-10.56993007659912,35.353458404541016,tz_1002009003_2008,tz_1002009003_2012,-0.0886834129281195,-0.1662047273548998,-1.061633709254095,-1.1503171221822146,6
mw,10308636,2010,2016,-11.5363998413086,34.2779998779297,mw_10308636_2010,mw_10308636_2016,0.1744698312109641,-0.2078453261009163,-0.4872582209553427,-0.3127883897443786,12
et,5020600901,2011,2015,9.32340832355,43.2784116014,et_05020600901_2011,et_05020600901_2015,0.0670173070446368,0.45349540053337,-2.2561967492230344,-2.1891794421783977,4
tz,1005006001,2008,2012,-10.481610298156738,35.688018798828125,tz_1005006001_2008,tz_1005006001_2012,0.3717715330576784,0.8195989369692808,-0.8452381212110488,-0.4734665881533703,5
tz,802024002,2008,2012,-9.922980308532717,39.32835006713867,tz_0802024002_2008,tz_0802024002_2012,0.1626909585505887,-0.038744154273142,-1.4997117924275458,-1.3370208338769571,6
